Run_ID,Accuracy,Duration,LR,Flex,Lat_Str,Thresh,Kerr,Sys_E

0,86.07%,89.3s,0.02500,0.1250,0.2000,0.35,0.50,10.0
1,83.00%,101.0s,0.00233,0.1352,0.4922,0.39,0.57,12.7
2,76.29%,96.9s,0.00550,0.1954,0.4892,0.45,0.19,46.6
3,79.75%,96.2s,0.00859,0.2879,0.4930,0.24,7.93,48.5
4,74.44%,93.5s,0.00110,0.0606,0.3592,0.36,4.30,42.1
5,80.76%,93.0s,0.04666,0.2798,0.2814,0.28,0.11,28.7
6,79.04%,97.5s,0.02076,0.1224,0.4534,0.22,3.34,5.6
7,84.05%,83.1s,0.01099,0.0574,0.1734,0.48,4.46,22.3
8,79.46%,89.9s,0.00237,0.0767,0.2409,0.43,0.44,19.7
9,80.95%,94.4s,0.00488,0.2750,0.4999,0.35,0.70,49.6
10,76.58%,100.0s,0.03832,0.2165,0.2187,0.23,4.72,30.8
11,81.37%,92.1s,0.00508,0.1654,0.2886,0.42,1.94,34.3
12,81.82%,102.9s,0.02926,0.1243,0.4690,0.27,0.43,38.3
13,78.54%,137.5s,0.00137,0.2695,0.3387,0.35,0.19,22.1
14,84.24%,117.5s,0.00253,0.0649,0.4431,0.45,9.61,9.4
15,74.04%,135.0s,0.00106,0.1257,0.1694,0.38,2.40,42.1
16,84.04%,120.1s,0.01534,0.0638,0.3823,0.48,0.85,41.9
17,80.10%,122.7s,0.00665,0.2186,0.2567,0.49,1.84,36.0
18,81.36%,124.5s,0.00989,0.0709,0.4748,0.45,0.43,49.2
19,78.89%,137.4s,0.00172,0.2849,0.1575,0.33,0.28,39.1
20,83.81%,134.9s,0.00882,0.1976,0.3177,0.35,0.10,25.9
21,81.49%,127.6s,0.00193,0.0587,0.2204,0.37,0.52,17.3
22,79.98%,126.1s,0.00273,0.2484,0.0628,0.49,0.39,18.7
23,82.49%,138.5s,0.01863,0.2286,0.4973,0.28,0.18,29.5
24,84.92%,123.4s,0.01122,0.0589,0.3255,0.42,1.01,32.6
25,82.87%,111.3s,0.00559,0.1583,0.0759,0.30,8.67,35.5
26,84.22%,106.6s,0.00214,0.1572,0.3510,0.43,7.59,15.6
27,81.26%,95.3s,0.00130,0.2332,0.3734,0.27,0.30,12.2
28,76.77%,92.5s,0.00482,0.1975,0.2536,0.47,0.10,28.1
29,74.58%,98.1s,0.06572,0.2885,0.4842,0.26,4.44,40.7
30,84.31%,95.1s,0.03282,0.1523,0.3904,0.34,0.21,40.8
31,77.01%,95.7s,0.02191,0.0520,0.3639,0.20,0.11,17.0
32,74.22%,85.6s,0.00323,0.1128,0.3550,0.50,0.60,38.5
33,86.14%,89.4s,0.00157,0.1461,0.3444,0.44,0.12,6.3
34,83.63%,88.0s,0.00965,0.0876,0.1395,0.40,5.80,29.1
35,79.77%,95.8s,0.00146,0.0881,0.2529,0.31,0.26,21.0
36,80.12%,96.1s,0.01272,0.2390,0.4087,0.22,0.10,22.7
37,82.32%,96.3s,0.00435,0.0818,0.1292,0.24,9.72,18.7
38,83.25%,95.1s,0.00636,0.2582,0.2386,0.26,0.89,15.8
39,79.91%,99.0s,0.00202,0.1276,0.1476,0.26,0.28,36.6
40,69.31%,98.8s,0.06346,0.2691,0.3954,0.22,0.69,32.2
41,81.27%,99.1s,0.00334,0.2308,0.1989,0.29,0.43,42.3
42,83.08%,89.4s,0.03818,0.0704,0.0297,0.30,7.73,19.4
43,78.73%,99.8s,0.01849,0.1583,0.2189,0.21,4.29,34.7
44,79.49%,99.9s,0.01444,0.1895,0.0038,0.21,0.24,44.8
45,84.40%,91.2s,0.04635,0.2572,0.2276,0.34,0.16,32.0
46,85.15%,93.1s,0.01606,0.2997,0.0747,0.40,0.96,22.5
47,82.64%,83.2s,0.00142,0.0745,0.3164,0.47,1.77,5.7
48,84.31%,93.0s,0.00922,0.1003,0.3886,0.36,0.62,23.8
49,86.95%,89.5s,0.03561,0.1901,0.2654,0.43,6.37,30.9
50,79.58%,100.1s,0.01255,0.2854,0.3915,0.22,1.82,33.4
51,84.42%,96.4s,0.01448,0.2782,0.2261,0.33,3.00,47.3
52,81.07%,95.7s,0.00215,0.1841,0.4746,0.28,0.11,15.5
53,82.62%,97.8s,0.02722,0.2793,0.2270,0.28,0.32,23.5
54,82.68%,100.4s,0.00689,0.1872,0.4837,0.26,7.55,9.8
55,82.65%,95.7s,0.01096,0.0789,0.1584,0.26,2.52,32.3
56,84.58%,99.6s,0.01485,0.2612,0.1702,0.39,0.25,46.4
57,78.65%,114.1s,0.02769,0.1062,0.0742,0.22,0.15,40.1
58,76.50%,97.9s,0.03981,0.0936,0.0885,0.23,1.32,44.4
59,80.30%,91.6s,0.00294,0.2917,0.1718,0.43,5.67,40.3
60,81.86%,95.2s,0.00684,0.1672,0.0397,0.38,0.20,43.2
61,85.96%,92.5s,0.00127,0.1543,0.3261,0.39,0.11,7.9
62,86.81%,90.5s,0.03367,0.2667,0.4107,0.44,2.31,20.0
63,80.87%,98.8s,0.03448,0.2807,0.4300,0.27,0.51,6.2
64,75.10%,98.6s,0.03270,0.2966,0.0478,0.21,0.11,10.4
65,83.21%,89.5s,0.01120,0.0921,0.0262,0.46,0.30,25.1
66,79.72%,92.8s,0.00588,0.1620,0.4233,0.45,1.87,39.2
67,81.11%,91.3s,0.00234,0.1274,0.3825,0.37,0.83,33.5
68,57.20%,124.9s,0.00204,0.0629,0.1815,0.50,0.15,42.3
69,70.17%,144.7s,0.07355,0.1820,0.1604,0.23,1.97,7.4
70,84.40%,116.6s,0.02249,0.0906,0.3649,0.32,0.28,46.7
71,86.95%,90.5s,0.09006,0.2468,0.1381,0.43,0.31,33.9
72,88.24%,83.6s,0.05354,0.1440,0.4156,0.46,1.69,36.6
73,86.50%,89.4s,0.02172,0.1638,0.3990,0.46,0.44,32.6
74,83.61%,95.0s,0.01051,0.1486,0.3879,0.31,0.33,35.0
75,77.29%,99.9s,0.00132,0.1645,0.3777,0.21,5.02,43.5
76,86.95%,90.2s,0.04564,0.1676,0.2420,0.44,0.46,47.5
77,83.97%,93.7s,0.02911,0.2212,0.2238,0.32,0.99,29.7
78,79.47%,99.7s,0.02300,0.2663,0.2128,0.24,0.92,46.9
79,80.41%,96.7s,0.00198,0.2015,0.3567,0.21,0.41,16.6
80,81.77%,95.8s,0.01623,0.0883,0.1237,0.26,0.15,32.3
81,84.09%,90.0s,0.00330,0.0536,0.1655,0.35,6.44,10.5
82,81.66%,99.1s,0.00773,0.2828,0.2214,0.23,0.12,8.7
83,79.22%,98.7s,0.00177,0.1226,0.3364,0.23,0.20,35.9
84,79.72%,123.3s,0.01279,0.2205,0.1627,0.22,0.28,39.9
85,84.87%,125.5s,0.01438,0.2613,0.4767,0.44,0.23,22.5
86,84.30%,121.7s,0.00427,0.1145,0.3610,0.44,0.19,7.5
87,83.78%,131.2s,0.00306,0.2881,0.1905,0.38,2.64,20.2
88,81.24%,123.3s,0.00713,0.2280,0.1041,0.44,7.28,44.8
89,86.97%,88.6s,0.02566,0.1275,0.4534,0.47,1.10,7.3
90,82.31%,97.0s,0.00701,0.2416,0.4069,0.32,0.35,37.1
91,83.30%,97.4s,0.01214,0.0657,0.3890,0.27,8.96,27.8
92,77.77%,125.6s,0.00708,0.1838,0.0867,0.49,0.11,23.1
93,82.78%,136.7s,0.00678,0.1030,0.0622,0.27,0.56,18.3
94,85.54%,129.4s,0.05308,0.2029,0.0321,0.39,1.74,43.3
95,87.80%,118.6s,0.06404,0.1994,0.1033,0.47,7.78,43.6
96,81.69%,139.9s,0.00186,0.2680,0.1049,0.27,0.93,15.8
97,87.38%,125.7s,0.05025,0.1954,0.0275,0.41,0.48,38.5
98,79.68%,129.7s,0.00519,0.2906,0.4315,0.43,3.01,36.3
99,81.86%,120.0s,0.00636,0.2182,0.3853,0.49,0.98,11.1
100,77.90%,127.1s,0.00104,0.0951,0.1191,0.47,6.21,20.9
101,81.83%,140.0s,0.00835,0.1436,0.1239,0.22,1.99,32.5
102,78.61%,129.4s,0.00412,0.1338,0.3574,0.43,0.63,37.6
103,83.03%,139.3s,0.00211,0.2898,0.1942,0.27,1.52,8.6
104,87.61%,91.3s,0.03334,0.2084,0.4755,0.47,1.21,27.2
105,80.21%,93.0s,0.00488,0.0813,0.0642,0.23,0.50,36.5
106,84.61%,90.8s,0.00381,0.2698,0.4574,0.43,7.39,6.0
107,77.58%,96.8s,0.00115,0.1864,0.1661,0.25,0.18,34.1
108,79.59%,99.0s,0.00111,0.2901,0.1041,0.28,8.04,35.8
109,81.35%,89.9s,0.07145,0.0887,0.2525,0.32,9.70,39.0
110,81.07%,94.0s,0.00228,0.0636,0.1445,0.29,4.87,34.7
111,78.85%,92.7s,0.00244,0.1774,0.4068,0.45,1.55,35.7
112,84.49%,87.5s,0.00170,0.2738,0.2775,0.44,4.70,14.2
113,84.78%,86.7s,0.01328,0.0588,0.0872,0.44,5.11,25.1
114,81.72%,87.3s,0.00764,0.2637,0.3889,0.46,2.59,34.0
115,80.89%,89.2s,0.00876,0.2128,0.2168,0.50,1.66,32.1
116,83.25%,90.5s,0.00851,0.1955,0.2466,0.37,0.12,24.5
117,83.68%,93.3s,0.01117,0.2429,0.4655,0.40,0.52,38.2
118,85.13%,91.9s,0.01694,0.1126,0.4472,0.38,0.26,41.6
119,82.16%,89.5s,0.00699,0.1902,0.1743,0.40,0.15,35.7
120,87.60%,88.0s,0.04558,0.1969,0.2143,0.48,8.74,33.0
121,85.86%,87.1s,0.02218,0.2253,0.4824,0.41,2.29,41.1
122,77.14%,98.9s,0.00152,0.1232,0.1937,0.21,0.75,31.2
123,84.94%,90.0s,0.00214,0.1853,0.2762,0.44,9.58,10.0
124,85.46%,89.6s,0.05352,0.2789,0.1598,0.38,0.10,40.9
125,85.48%,92.8s,0.01256,0.1324,0.1478,0.37,0.34,14.3
126,83.89%,88.9s,0.02781,0.0719,0.3510,0.32,0.76,22.2
127,82.69%,91.9s,0.00397,0.1021,0.2817,0.38,0.69,14.5
128,84.30%,85.9s,0.00234,0.0681,0.2508,0.38,0.75,7.6
129,79.32%,92.4s,0.00428,0.2714,0.3141,0.45,0.70,39.3
130,84.59%,95.1s,0.01756,0.2097,0.1280,0.35,0.61,43.9
131,81.52%,96.6s,0.00445,0.1473,0.2565,0.33,0.66,43.7
132,74.23%,91.5s,0.00148,0.1551,0.4447,0.42,3.76,43.8
133,81.05%,98.8s,0.00761,0.2207,0.3457,0.24,1.69,13.1
134,80.57%,98.3s,0.02677,0.2837,0.1792,0.26,0.13,40.8
135,79.65%,99.4s,0.01047,0.2165,0.2822,0.20,0.12,10.1
136,84.85%,93.5s,0.06205,0.1929,0.4495,0.36,1.27,41.9
137,81.98%,94.6s,0.02944,0.2325,0.0145,0.28,1.39,33.3
138,72.40%,94.6s,0.00177,0.2212,0.2210,0.44,0.34,43.5
139,82.68%,97.0s,0.00342,0.2511,0.0396,0.30,7.63,33.6
140,85.40%,92.5s,0.04379,0.1187,0.1416,0.34,2.72,30.6
141,83.52%,89.2s,0.00838,0.2287,0.4044,0.48,1.14,7.5
142,81.81%,93.3s,0.04914,0.1596,0.0403,0.30,0.26,14.5
143,82.60%,96.5s,0.00516,0.2521,0.1216,0.32,0.12,17.7
144,84.74%,90.8s,0.02282,0.1495,0.3685,0.34,6.70,35.0
145,80.14%,98.8s,0.00124,0.1460,0.4538,0.22,0.34,21.9
146,79.45%,103.0s,0.02034,0.2053,0.4513,0.23,0.12,27.2
147,81.73%,106.1s,0.00224,0.0840,0.4732,0.38,0.42,13.2
148,85.13%,92.8s,0.08536,0.2109,0.2286,0.39,5.94,20.8
149,83.74%,94.5s,0.01020,0.2223,0.0231,0.30,3.87,44.5
150,82.31%,91.1s,0.00381,0.2313,0.1301,0.43,0.34,17.4
151,73.65%,97.9s,0.04750,0.1622,0.2170,0.22,0.65,40.3
152,75.14%,95.7s,0.00103,0.1621,0.3378,0.41,1.49,36.5
153,81.51%,84.3s,0.00391,0.1895,0.4083,0.49,1.76,14.2
154,84.01%,93.2s,0.01071,0.1800,0.1423,0.40,1.81,43.8
155,75.89%,89.3s,0.00207,0.1151,0.3198,0.45,8.06,38.2
156,82.17%,88.9s,0.00825,0.0932,0.3393,0.46,3.48,24.1
157,84.53%,94.9s,0.02292,0.1189,0.2302,0.33,0.55,39.0
158,74.25%,98.3s,0.03917,0.1888,0.3229,0.21,3.73,10.4
159,78.63%,100.1s,0.00290,0.2199,0.4430,0.20,1.31,49.7
160,86.85%,85.1s,0.05166,0.0853,0.0550,0.40,1.31,10.8
161,81.53%,99.2s,0.00457,0.1951,0.2044,0.23,0.82,22.1
162,83.48%,92.2s,0.00102,0.0604,0.1863,0.33,2.48,10.5
163,84.68%,89.3s,0.01177,0.0836,0.0493,0.34,2.66,23.0
164,80.54%,98.6s,0.01943,0.1627,0.4390,0.24,3.74,6.1
165,85.62%,91.0s,0.04447,0.0747,0.0540,0.36,0.43,46.2
166,83.99%,95.8s,0.00438,0.1530,0.0499,0.33,0.55,8.9
167,80.48%,97.7s,0.00541,0.2373,0.2031,0.24,2.39,47.3
168,84.03%,94.1s,0.06602,0.2855,0.1249,0.36,3.01,8.8
169,82.32%,93.6s,0.05862,0.1810,0.1336,0.31,0.15,40.3
170,81.05%,98.6s,0.01095,0.1517,0.0515,0.23,0.96,27.7
171,82.49%,89.5s,0.00869,0.2125,0.4440,0.49,7.26,23.5
172,87.53%,85.2s,0.03320,0.0759,0.1644,0.48,0.23,8.5
173,77.58%,99.3s,0.00106,0.2599,0.1937,0.31,0.81,38.0
174,69.96%,94.2s,0.08214,0.0652,0.3152,0.24,4.04,47.9
175,82.26%,96.3s,0.06583,0.2583,0.2602,0.33,3.13,48.0
176,80.01%,86.1s,0.00175,0.2958,0.2763,0.49,2.14,24.9
177,83.56%,96.8s,0.02286,0.2574,0.3810,0.31,0.21,10.1
178,82.58%,97.1s,0.03749,0.1782,0.2493,0.30,5.44,8.8
179,82.44%,92.6s,0.00465,0.1285,0.0321,0.33,0.59,28.0
180,84.07%,95.0s,0.00800,0.1711,0.2152,0.36,8.99,31.5
181,79.45%,94.4s,0.00123,0.1134,0.1762,0.30,0.42,27.2
182,82.24%,88.2s,0.00681,0.0875,0.3702,0.47,6.99,24.1
183,82.19%,93.2s,0.00882,0.1721,0.3058,0.34,0.11,40.7
184,82.60%,92.6s,0.01155,0.1125,0.3101,0.44,0.23,44.7
185,80.23%,95.5s,0.01036,0.1106,0.0001,0.21,1.52,37.5
186,81.65%,99.4s,0.00230,0.1851,0.3270,0.28,1.23,30.5
187,85.52%,91.9s,0.00151,0.2838,0.0451,0.43,2.36,6.2
188,81.18%,100.3s,0.00792,0.1780,0.0010,0.23,1.45,45.8
189,84.01%,89.4s,0.01463,0.1010,0.3417,0.49,8.71,36.0
190,83.00%,96.7s,0.06749,0.1907,0.0557,0.34,2.60,24.2
191,83.90%,96.7s,0.00199,0.2091,0.0632,0.35,6.35,16.4
192,78.84%,98.4s,0.00114,0.0950,0.3825,0.29,1.13,35.4
193,85.42%,91.7s,0.00183,0.1866,0.1821,0.44,4.72,8.3
194,75.61%,98.3s,0.00145,0.2564,0.3748,0.38,4.39,44.8
195,80.22%,100.0s,0.00320,0.2180,0.1090,0.29,4.49,45.1
196,76.95%,98.2s,0.00169,0.0697,0.1621,0.21,0.27,48.8
197,81.30%,100.3s,0.00429,0.1671,0.2518,0.22,0.11,12.8
198,83.42%,92.2s,0.00531,0.2682,0.4203,0.44,2.30,11.5
199,82.30%,97.2s,0.00708,0.0962,0.4371,0.28,0.83,38.5
200,85.53%,84.7s,0.02505,0.0730,0.2495,0.43,0.13,45.1
201,79.71%,97.3s,0.00312,0.0694,0.1794,0.23,5.63,46.7
202,68.46%,101.5s,0.07299,0.1048,0.3341,0.22,0.20,33.9
203,83.02%,99.7s,0.00528,0.2983,0.2444,0.26,0.20,19.0
204,80.36%,100.2s,0.00114,0.2480,0.0085,0.26,0.33,15.3
205,79.91%,99.7s,0.03392,0.2865,0.3565,0.25,7.98,18.9
206,79.67%,95.7s,0.00253,0.0782,0.0908,0.32,0.23,29.1
207,82.94%,95.3s,0.00190,0.2398,0.2104,0.39,3.20,22.4
208,83.98%,95.2s,0.00415,0.2396,0.1540,0.37,3.94,13.3
209,84.78%,84.6s,0.01372,0.0607,0.2465,0.41,0.37,8.9
210,79.34%,94.3s,0.00433,0.2919,0.2879,0.44,0.90,40.8
211,78.92%,96.7s,0.00385,0.1512,0.2418,0.22,0.14,14.5
212,81.55%,98.8s,0.03002,0.2908,0.2396,0.28,0.30,16.6
213,84.11%,93.6s,0.02210,0.2575,0.2234,0.33,7.21,7.5
214,81.37%,100.0s,0.00308,0.3000,0.4709,0.24,5.99,26.0
215,83.40%,95.3s,0.01337,0.2228,0.2631,0.29,0.25,5.1
216,83.55%,92.7s,0.01335,0.1799,0.2899,0.44,0.21,22.3
217,72.91%,97.9s,0.05112,0.1259,0.3588,0.22,4.67,37.2
218,75.34%,95.4s,0.00157,0.2986,0.0719,0.44,0.59,41.6
219,85.69%,89.4s,0.07836,0.2330,0.3969,0.40,8.42,43.0
220,82.92%,95.6s,0.04605,0.0981,0.1308,0.32,0.26,42.1
221,73.20%,112.3s,0.04726,0.1328,0.2136,0.22,5.14,24.1
222,81.78%,98.1s,0.00196,0.0975,0.0842,0.24,0.15,13.7
223,78.38%,88.9s,0.00316,0.1077,0.3389,0.43,0.33,27.7
224,85.39%,92.3s,0.01435,0.2727,0.4689,0.42,4.43,13.5
225,79.68%,100.0s,0.01228,0.2757,0.4236,0.21,2.07,43.4
226,83.29%,94.2s,0.00996,0.0588,0.0694,0.26,0.53,16.5
227,81.90%,96.5s,0.00205,0.1873,0.2209,0.35,3.20,30.7
228,75.96%,93.9s,0.00162,0.1590,0.2782,0.45,1.20,34.9
229,86.30%,90.0s,0.02190,0.0929,0.4445,0.41,3.10,8.8
230,81.73%,96.5s,0.00184,0.2887,0.1054,0.25,0.22,10.5
231,83.61%,93.7s,0.09164,0.1689,0.1786,0.37,0.12,26.9
232,83.30%,97.4s,0.00398,0.1454,0.2066,0.30,0.20,10.0
233,73.58%,91.9s,0.00160,0.1002,0.2291,0.48,0.58,25.5
234,75.62%,90.2s,0.00419,0.0670,0.2202,0.47,0.44,40.0
235,86.34%,91.5s,0.02480,0.2730,0.0918,0.42,1.00,47.0
236,80.35%,92.6s,0.00205,0.1623,0.3671,0.45,2.80,26.3
237,83.95%,93.7s,0.01515,0.2649,0.4992,0.31,0.33,39.9
238,82.90%,94.3s,0.00385,0.2624,0.0568,0.39,1.88,8.5
239,78.44%,97.5s,0.00148,0.2189,0.0283,0.29,0.50,38.8
240,86.54%,92.7s,0.06049,0.2423,0.2256,0.39,0.86,5.3
241,85.37%,88.4s,0.00321,0.1038,0.4814,0.47,0.19,7.2
242,77.45%,99.1s,0.03767,0.1111,0.4902,0.24,6.34,21.6
243,82.82%,133.3s,0.00540,0.0779,0.4542,0.28,0.32,8.9
244,73.48%,143.0s,0.03693,0.1304,0.1324,0.20,0.12,46.2
245,83.36%,110.6s,0.00173,0.1782,0.1202,0.36,5.02,18.9
246,77.36%,105.3s,0.00133,0.2824,0.2771,0.23,2.10,30.8
247,84.64%,93.6s,0.02801,0.0943,0.1597,0.33,0.11,48.2
248,79.75%,98.6s,0.00238,0.1461,0.1111,0.29,0.36,45.4
249,84.56%,94.6s,0.01203,0.1119,0.1715,0.33,6.80,40.4
250,74.53%,100.4s,0.06450,0.1849,0.1272,0.25,1.20,22.7
251,83.47%,94.5s,0.00456,0.0650,0.4147,0.25,0.77,9.3
252,82.09%,96.0s,0.00162,0.2502,0.4859,0.35,1.09,22.9
253,77.63%,98.9s,0.00164,0.1722,0.1019,0.31,2.12,49.6
254,78.36%,96.8s,0.03244,0.2477,0.4707,0.23,1.92,15.3
255,78.53%,98.9s,0.03871,0.1449,0.4076,0.25,0.20,14.9
256,75.31%,97.0s,0.00171,0.2139,0.0750,0.38,0.39,48.4
257,85.45%,90.0s,0.01834,0.0915,0.0039,0.42,0.59,38.9
258,85.54%,91.4s,0.02128,0.2146,0.3242,0.34,1.13,15.3
259,83.25%,92.4s,0.00579,0.0637,0.0005,0.34,4.15,26.1
260,82.30%,95.1s,0.00101,0.2022,0.3467,0.28,1.06,12.4
261,81.51%,96.5s,0.03445,0.1096,0.4556,0.28,8.60,25.5
262,78.47%,100.4s,0.00340,0.2463,0.3253,0.20,2.04,49.1
263,84.11%,90.6s,0.01642,0.2550,0.1536,0.48,9.65,42.4
264,72.14%,88.1s,0.00205,0.1014,0.3353,0.47,7.62,45.6
265,83.82%,94.8s,0.00319,0.2011,0.2981,0.36,8.37,6.6
266,82.67%,95.8s,0.03088,0.0936,0.4375,0.28,0.11,12.4
267,77.74%,91.9s,0.00818,0.2620,0.1020,0.48,0.14,41.6
268,83.92%,95.2s,0.01316,0.1324,0.4442,0.32,0.49,11.3
269,86.96%,91.1s,0.06618,0.2586,0.4876,0.40,0.62,8.1
270,81.67%,93.5s,0.00557,0.2163,0.1883,0.41,0.70,39.1
271,86.59%,90.1s,0.02466,0.1506,0.1252,0.42,0.32,16.0
272,81.02%,95.6s,0.00521,0.1915,0.4864,0.38,4.59,40.9
273,85.44%,91.1s,0.01899,0.1664,0.2693,0.46,1.16,48.8
274,83.55%,96.0s,0.05630,0.1398,0.4004,0.34,1.93,20.3
275,81.43%,98.3s,0.00584,0.0968,0.1450,0.23,5.20,19.5
276,82.06%,90.4s,0.00106,0.0656,0.1668,0.43,2.76,12.5
277,83.08%,96.8s,0.00703,0.2185,0.4269,0.35,9.86,43.8
278,87.05%,92.2s,0.05879,0.2009,0.4960,0.42,0.17,38.4
279,77.48%,93.4s,0.00337,0.2479,0.2478,0.46,5.07,43.0
280,81.73%,96.5s,0.00470,0.1376,0.4729,0.33,4.09,28.9
281,86.47%,91.3s,0.03097,0.2074,0.1309,0.44,0.17,45.9
282,80.74%,97.0s,0.00611,0.0847,0.3579,0.22,0.29,36.5
283,86.93%,90.5s,0.07428,0.2640,0.4723,0.42,8.47,33.6
284,83.18%,93.4s,0.02747,0.2046,0.4604,0.30,2.10,31.6
285,81.56%,97.2s,0.04868,0.1609,0.2219,0.30,0.47,39.6
286,81.49%,94.3s,0.02516,0.1322,0.1820,0.25,0.13,42.6
287,81.02%,95.0s,0.00694,0.2085,0.0590,0.38,0.28,45.2
288,84.93%,88.7s,0.00111,0.0796,0.0727,0.34,1.94,6.7
289,77.56%,98.7s,0.00144,0.2473,0.1165,0.31,0.78,44.1
290,81.23%,92.6s,0.07233,0.0630,0.1898,0.31,2.91,37.2
291,82.43%,99.4s,0.00225,0.2434,0.2788,0.24,1.32,10.3
292,80.66%,94.1s,0.00171,0.0997,0.0296,0.20,3.49,15.7
293,87.08%,90.8s,0.06703,0.1368,0.2085,0.41,4.45,12.3
294,75.95%,97.2s,0.03244,0.2850,0.1347,0.22,0.51,47.7
295,84.82%,89.7s,0.01686,0.1311,0.2042,0.48,0.24,26.3
296,82.26%,92.5s,0.05139,0.1241,0.4783,0.31,0.18,9.0
297,82.80%,95.1s,0.03662,0.0981,0.0533,0.30,1.26,19.3
298,74.99%,97.9s,0.00177,0.1523,0.3853,0.35,0.11,33.3
299,85.34%,88.9s,0.02130,0.0665,0.2411,0.42,0.49,49.5
300,69.54%,92.8s,0.00156,0.0837,0.2880,0.47,1.61,46.1
301,87.67%,88.8s,0.04758,0.1334,0.1278,0.47,0.14,28.0
302,84.99%,91.9s,0.01237,0.2140,0.0852,0.42,1.25,10.1
303,84.50%,91.6s,0.01211,0.1479,0.0096,0.41,0.17,6.2
304,80.90%,99.6s,0.00823,0.2267,0.0690,0.23,2.65,32.1
305,85.89%,94.3s,0.04620,0.2454,0.4874,0.35,0.88,26.2
306,78.65%,93.5s,0.00731,0.1803,0.1091,0.47,1.44,49.8
307,77.89%,94.0s,0.00171,0.0935,0.2763,0.40,0.68,31.9
308,86.58%,89.0s,0.02740,0.2021,0.2808,0.47,0.22,16.2
309,83.03%,96.1s,0.02142,0.1076,0.2008,0.29,2.50,29.7
310,85.97%,95.0s,0.02432,0.2900,0.2671,0.36,3.39,23.3
311,82.22%,91.4s,0.00805,0.2159,0.1505,0.47,0.70,15.2
312,83.52%,92.8s,0.00682,0.1464,0.1365,0.42,2.51,8.5
313,80.82%,92.4s,0.00207,0.0861,0.1526,0.33,0.53,33.1
314,84.20%,92.6s,0.00915,0.0965,0.1879,0.39,1.47,31.7
315,88.32%,85.4s,0.07656,0.2580,0.3033,0.47,5.12,28.7
316,83.72%,95.1s,0.02620,0.0873,0.1741,0.31,0.11,42.1
317,81.96%,96.4s,0.05671,0.1289,0.0612,0.31,0.43,31.0
318,81.70%,92.4s,0.00940,0.2381,0.4116,0.44,5.59,41.9
319,85.10%,90.5s,0.01956,0.0511,0.4828,0.35,0.15,26.0
320,70.22%,101.9s,0.08230,0.1882,0.3962,0.24,0.65,38.0
321,87.56%,89.9s,0.06136,0.1958,0.1851,0.45,0.77,41.2
322,84.34%,128.0s,0.03571,0.2306,0.2772,0.33,1.08,40.5
323,80.27%,133.6s,0.00227,0.2063,0.2272,0.29,4.51,40.6
324,80.43%,104.1s,0.02978,0.2515,0.2873,0.26,0.58,8.8
325,80.64%,99.4s,0.00772,0.1464,0.0988,0.22,1.40,19.6
326,81.21%,127.8s,0.00631,0.1000,0.4123,0.29,1.64,44.5
327,84.06%,118.0s,0.02650,0.0823,0.0497,0.32,0.81,33.5
328,83.98%,95.2s,0.00921,0.1006,0.4392,0.31,1.87,17.2
329,84.65%,90.0s,0.00102,0.1595,0.4121,0.46,0.12,10.5
330,76.63%,97.1s,0.04018,0.2360,0.3076,0.23,0.10,34.6
331,82.36%,108.0s,0.00665,0.1997,0.1801,0.36,3.87,42.3
332,76.94%,141.9s,0.03330,0.1896,0.0322,0.22,0.48,16.9
333,81.94%,138.0s,0.00365,0.2364,0.1773,0.31,6.80,38.7
334,86.29%,118.4s,0.01737,0.1552,0.4065,0.48,0.11,7.8
335,84.46%,127.4s,0.00117,0.1186,0.4033,0.42,1.50,8.5
336,79.50%,101.4s,0.02877,0.1973,0.1107,0.24,4.99,35.1
337,87.43%,89.1s,0.05389,0.2756,0.3952,0.46,1.23,5.9
338,87.87%,83.1s,0.04744,0.0903,0.2921,0.43,2.75,21.6
339,79.21%,91.4s,0.00377,0.0547,0.3533,0.40,1.43,48.7
340,85.93%,93.2s,0.02703,0.1752,0.3141,0.37,0.14,10.3
341,79.09%,89.1s,0.00350,0.0688,0.1219,0.44,4.07,37.5
342,83.30%,95.1s,0.00759,0.2121,0.0359,0.36,0.10,18.7
343,84.11%,92.3s,0.01415,0.2198,0.1906,0.34,0.21,20.6
344,85.13%,85.1s,0.01635,0.0569,0.1448,0.49,5.63,16.6
345,82.13%,95.9s,0.01216,0.2356,0.0748,0.26,4.22,25.9
346,71.18%,98.8s,0.05188,0.0917,0.0581,0.21,1.56,46.8
347,82.95%,95.5s,0.04786,0.1260,0.4067,0.31,7.72,19.2
348,82.16%,93.9s,0.00119,0.2429,0.4016,0.39,1.71,18.8
349,78.41%,95.8s,0.00296,0.0910,0.1907,0.32,2.11,48.4
350,81.05%,90.7s,0.00968,0.2349,0.1401,0.48,9.09,47.5
351,79.94%,92.6s,0.00130,0.2630,0.3835,0.41,0.96,27.4
352,81.11%,94.4s,0.04930,0.0998,0.0470,0.29,5.39,48.3
353,84.69%,90.1s,0.01440,0.2186,0.1394,0.43,1.22,18.3
354,73.98%,98.6s,0.07580,0.1465,0.3738,0.26,0.88,40.2
355,82.21%,88.3s,0.00951,0.1136,0.4926,0.47,7.54,30.5
356,73.10%,87.3s,0.00194,0.1140,0.0435,0.49,0.52,28.6
357,85.15%,90.4s,0.02797,0.1425,0.0756,0.42,0.11,41.9
358,66.94%,110.9s,0.00116,0.2545,0.4899,0.47,0.18,33.5
359,82.69%,137.7s,0.00848,0.1538,0.4497,0.28,1.18,26.3
360,83.12%,138.7s,0.00585,0.2973,0.1041,0.27,0.56,27.7
361,76.81%,132.5s,0.00110,0.1640,0.0017,0.41,0.67,29.7
362,83.52%,131.8s,0.00403,0.2281,0.1375,0.37,1.42,23.9
363,81.74%,135.5s,0.06474,0.2749,0.4817,0.32,0.44,44.3
364,83.76%,133.4s,0.05693,0.2143,0.1230,0.33,4.49,22.5
365,82.51%,132.1s,0.00105,0.1354,0.3976,0.38,2.55,14.1
366,80.02%,137.8s,0.06691,0.2835,0.3884,0.30,0.35,8.5
367,73.30%,139.4s,0.00149,0.1394,0.1315,0.31,0.14,47.3
368,79.33%,141.2s,0.00218,0.2954,0.2753,0.25,2.06,37.8
369,85.98%,125.6s,0.05401,0.0929,0.0937,0.38,1.69,29.8
370,83.49%,134.7s,0.00687,0.1114,0.3083,0.30,0.31,23.6
371,86.65%,126.5s,0.04825,0.1431,0.1393,0.40,0.20,42.7
372,73.86%,139.6s,0.09243,0.1419,0.1869,0.27,4.65,32.5
373,85.61%,124.6s,0.01554,0.1975,0.0420,0.43,0.24,19.0
374,78.58%,126.0s,0.00564,0.1785,0.3765,0.47,0.56,39.1
375,84.94%,121.2s,0.03334,0.1485,0.0800,0.33,0.50,31.8
376,83.63%,95.6s,0.00100,0.2082,0.2133,0.35,0.56,8.8
377,84.06%,96.0s,0.01341,0.2216,0.3539,0.32,9.09,33.0
378,87.75%,87.9s,0.05181,0.2211,0.2370,0.47,2.98,12.0
379,83.88%,91.3s,0.01026,0.0585,0.2199,0.34,0.65,41.5
380,80.43%,97.8s,0.02808,0.1414,0.2056,0.25,0.58,32.1
381,85.36%,93.8s,0.03667,0.2735,0.4620,0.35,0.60,9.0
382,83.42%,91.3s,0.01145,0.1237,0.2816,0.35,0.96,42.0
383,84.43%,89.5s,0.00368,0.1544,0.3946,0.45,0.54,5.2
384,86.36%,88.3s,0.02104,0.1782,0.3237,0.40,4.96,47.1
385,87.45%,85.7s,0.05102,0.0789,0.0279,0.46,5.58,44.2
386,82.25%,93.3s,0.08082,0.1046,0.2452,0.34,0.38,29.0
387,86.83%,88.2s,0.03275,0.2727,0.4860,0.48,0.22,29.1
388,79.01%,92.8s,0.00388,0.0809,0.2926,0.23,0.14,43.2
389,85.32%,96.9s,0.06359,0.2663,0.1112,0.38,2.71,25.5
390,82.27%,87.6s,0.00132,0.2323,0.4385,0.48,0.37,8.6
391,87.11%,119.6s,0.06650,0.0536,0.4535,0.43,8.82,11.8
392,82.86%,120.2s,0.00577,0.0528,0.0206,0.44,1.00,18.3
393,81.13%,131.1s,0.00146,0.1351,0.1336,0.39,0.52,21.7
394,85.65%,123.7s,0.01300,0.2618,0.3714,0.38,5.03,33.4
395,83.79%,103.8s,0.00808,0.1003,0.3804,0.43,0.81,21.1
396,76.45%,96.8s,0.02664,0.2248,0.4633,0.21,2.47,34.7
397,78.25%,98.4s,0.03815,0.2513,0.4772,0.25,4.03,49.9
398,80.38%,95.6s,0.01043,0.2872,0.1778,0.22,3.03,25.2
399,82.64%,93.9s,0.00207,0.1357,0.0303,0.36,1.90,29.2
400,75.96%,94.6s,0.00192,0.2690,0.3790,0.36,0.21,48.2
401,81.35%,95.9s,0.00799,0.0741,0.2431,0.22,0.24,10.4
402,66.72%,143.9s,0.06258,0.1729,0.1341,0.20,0.11,10.7
403,81.17%,140.4s,0.00752,0.2980,0.3547,0.24,0.65,40.1
404,81.35%,130.0s,0.00398,0.0783,0.0231,0.35,0.62,32.4
405,80.13%,104.6s,0.00427,0.1089,0.2771,0.25,0.24,48.7
406,84.11%,95.6s,0.03057,0.2576,0.1913,0.32,0.24,28.1
407,83.15%,92.3s,0.00558,0.1902,0.2015,0.39,0.18,10.1
408,86.44%,86.8s,0.07404,0.0578,0.2036,0.42,0.66,45.3
409,76.86%,106.2s,0.00113,0.2867,0.0283,0.24,0.12,25.6
410,85.05%,94.9s,0.01721,0.1735,0.0899,0.35,0.30,28.5
411,83.87%,99.8s,0.01156,0.2840,0.1966,0.37,2.08,49.3
412,72.80%,136.2s,0.08492,0.1553,0.1200,0.26,0.13,34.6
413,80.30%,137.6s,0.08218,0.2864,0.3862,0.32,0.68,38.3
414,81.69%,136.4s,0.00131,0.1354,0.4104,0.34,3.39,21.9
415,81.11%,141.5s,0.01290,0.2085,0.4742,0.26,0.30,17.2
416,82.46%,118.2s,0.02691,0.0893,0.2512,0.27,2.62,11.7
417,76.55%,92.6s,0.00132,0.2543,0.1150,0.50,0.45,16.4
418,80.20%,95.6s,0.00297,0.1477,0.0800,0.33,3.84,43.5
419,81.32%,87.0s,0.00302,0.0511,0.2901,0.50,0.56,9.4
420,73.90%,90.6s,0.00522,0.0788,0.2499,0.48,0.18,38.8
421,86.97%,90.6s,0.05235,0.1159,0.2603,0.43,2.09,46.8
422,77.84%,98.1s,0.00225,0.2555,0.4517,0.25,0.11,47.0
423,76.20%,95.8s,0.00219,0.0521,0.1259,0.30,0.17,44.2
424,78.93%,95.6s,0.03317,0.1395,0.1952,0.25,1.48,6.8
425,80.04%,96.7s,0.02514,0.0756,0.2328,0.24,0.23,35.7
426,83.13%,87.3s,0.01224,0.0769,0.4678,0.49,1.85,26.8
427,80.91%,100.1s,0.00301,0.1737,0.0293,0.22,0.53,15.6
428,82.69%,93.1s,0.00633,0.2072,0.3628,0.42,6.31,24.3
429,75.70%,87.3s,0.00496,0.2100,0.3689,0.49,4.90,47.2
430,83.78%,95.8s,0.00419,0.1143,0.0652,0.33,0.53,21.4
431,82.04%,94.7s,0.00130,0.2249,0.1238,0.40,0.50,17.3
432,84.86%,90.3s,0.00975,0.1924,0.3650,0.46,0.57,6.7
433,83.39%,95.9s,0.05547,0.1568,0.2896,0.33,2.43,20.7
434,63.44%,100.4s,0.00139,0.1759,0.1896,0.46,0.13,37.1
435,79.26%,112.7s,0.00175,0.1158,0.0615,0.24,0.23,29.3
436,81.98%,93.1s,0.00666,0.0728,0.2669,0.37,0.33,40.3
437,83.47%,96.1s,0.00932,0.0935,0.0433,0.30,0.53,26.0
438,85.86%,89.1s,0.02246,0.0641,0.4092,0.48,0.83,31.0
439,85.10%,93.8s,0.01603,0.1026,0.4660,0.40,1.96,47.7
440,78.56%,103.2s,0.02332,0.2646,0.3867,0.23,5.65,26.4
441,83.22%,113.0s,0.01841,0.1553,0.0330,0.29,1.97,43.8
442,83.69%,101.4s,0.00537,0.2777,0.1881,0.38,1.10,17.0
443,83.41%,91.5s,0.06943,0.0553,0.1285,0.34,2.51,39.9
444,79.66%,95.6s,0.08467,0.1696,0.3212,0.31,1.51,15.7
445,83.43%,88.6s,0.00204,0.0649,0.2399,0.45,1.01,9.5
446,81.87%,91.7s,0.00853,0.1585,0.0948,0.48,0.20,16.6
447,86.64%,91.4s,0.05595,0.2624,0.1201,0.41,3.16,49.9
448,82.13%,98.6s,0.01184,0.1638,0.1881,0.26,1.04,36.9
449,82.97%,92.2s,0.00657,0.0559,0.2898,0.34,0.80,43.7
450,82.27%,96.6s,0.00953,0.0943,0.1227,0.26,0.54,49.1
451,82.99%,93.5s,0.00271,0.1998,0.3442,0.41,0.52,14.8
452,83.62%,96.6s,0.04805,0.2377,0.2597,0.32,1.82,25.6
453,81.63%,99.3s,0.01093,0.2988,0.4343,0.24,2.11,14.9
454,80.81%,93.2s,0.00427,0.1920,0.0593,0.43,4.11,35.3
455,80.95%,99.0s,0.01020,0.1461,0.4117,0.23,1.97,41.1
456,83.34%,97.5s,0.01726,0.1623,0.4643,0.30,1.31,21.3
457,85.55%,94.1s,0.02022,0.1291,0.4616,0.35,0.28,48.9
458,80.53%,92.8s,0.00328,0.2915,0.2970,0.45,1.32,31.5
459,84.43%,94.3s,0.03306,0.1067,0.2330,0.32,0.35,10.2
460,64.62%,104.5s,0.06952,0.2826,0.2549,0.20,0.29,34.9
461,82.33%,97.1s,0.00456,0.1847,0.1694,0.31,1.56,34.6
462,81.26%,96.8s,0.00140,0.0918,0.0736,0.21,3.02,13.7
463,79.06%,99.7s,0.01488,0.2699,0.2702,0.21,0.99,46.1
464,81.69%,92.2s,0.00748,0.1709,0.0448,0.43,6.97,34.7
465,73.19%,92.3s,0.00342,0.2029,0.1593,0.50,5.76,49.4
466,83.59%,90.5s,0.01357,0.2706,0.4397,0.47,0.11,15.8
467,83.66%,86.4s,0.02052,0.0514,0.3261,0.48,0.16,26.2
468,84.81%,87.4s,0.01880,0.2003,0.3226,0.48,8.94,47.1
469,79.10%,94.8s,0.05268,0.0700,0.3534,0.27,2.89,30.4
470,81.35%,97.8s,0.02933,0.1622,0.3846,0.27,7.62,33.0
471,82.85%,90.5s,0.01317,0.2941,0.2413,0.48,0.34,50.0
472,82.16%,89.8s,0.00427,0.0795,0.0792,0.33,1.15,10.0
473,84.42%,87.4s,0.01956,0.0894,0.1539,0.48,2.12,34.3
474,82.79%,95.1s,0.00836,0.1785,0.1790,0.26,3.95,46.3
475,86.66%,89.3s,0.02978,0.1425,0.1967,0.44,1.81,38.4
476,84.88%,92.5s,0.01533,0.2598,0.2752,0.34,1.01,33.7
477,84.93%,94.2s,0.01434,0.2244,0.3216,0.36,0.94,12.1
478,87.93%,86.1s,0.03480,0.0961,0.3207,0.48,0.54,16.0
479,82.61%,96.2s,0.00124,0.1043,0.3198,0.28,3.31,12.1
480,86.12%,90.3s,0.03392,0.2351,0.4410,0.45,0.14,42.2
481,82.03%,95.6s,0.00439,0.2092,0.4325,0.29,0.32,26.3
482,80.21%,106.6s,0.02085,0.2143,0.4690,0.24,0.15,46.1
483,84.49%,99.9s,0.01067,0.2660,0.0261,0.44,7.60,17.8
484,83.95%,102.1s,0.00616,0.1383,0.4716,0.46,4.32,12.3
485,84.89%,107.7s,0.01593,0.0933,0.3616,0.38,0.72,47.1
486,80.49%,92.8s,0.00703,0.2950,0.0276,0.49,6.47,33.6
487,80.56%,100.4s,0.01602,0.2030,0.0569,0.23,2.79,27.5
488,83.25%,93.0s,0.00877,0.2301,0.1220,0.37,0.84,44.0
489,82.52%,94.2s,0.01003,0.1687,0.1064,0.41,4.74,46.6
490,81.99%,94.7s,0.00376,0.2959,0.1366,0.32,5.31,46.2
491,82.23%,90.4s,0.00357,0.0871,0.1142,0.44,1.76,18.1
492,71.16%,90.8s,0.00120,0.0809,0.1579,0.46,0.29,19.2
493,84.79%,97.0s,0.01163,0.2014,0.2633,0.34,0.40,13.3
494,86.93%,89.7s,0.03443,0.2733,0.1096,0.50,3.53,25.5
495,76.31%,101.6s,0.05767,0.2897,0.3699,0.26,2.79,38.5
496,82.32%,93.1s,0.00223,0.2686,0.4891,0.45,0.44,11.6
497,85.90%,93.2s,0.02893,0.2344,0.3409,0.43,0.31,49.5
498,85.67%,94.0s,0.03885,0.1307,0.2472,0.38,0.19,49.7
499,76.69%,97.9s,0.00282,0.0788,0.4270,0.30,0.11,49.0
500,82.93%,96.5s,0.07005,0.2543,0.0663,0.34,0.16,41.8
501,73.67%,102.2s,0.03573,0.1949,0.1837,0.21,2.68,32.6
502,87.47%,89.8s,0.04674,0.1268,0.4782,0.46,0.81,32.0
503,81.84%,100.2s,0.00446,0.2049,0.1243,0.26,1.29,25.5
504,78.43%,96.7s,0.01498,0.0575,0.4416,0.22,0.20,44.3
505,77.93%,96.9s,0.00108,0.1536,0.3297,0.30,0.17,21.1
506,82.89%,99.4s,0.01262,0.1826,0.4536,0.27,1.91,21.8
507,78.13%,100.1s,0.05661,0.2040,0.3211,0.28,2.14,7.2
508,86.14%,90.9s,0.07195,0.0764,0.0187,0.39,0.34,5.8
509,84.23%,106.8s,0.00221,0.1551,0.0172,0.44,2.68,10.9
510,77.97%,102.1s,0.03314,0.1978,0.3287,0.24,0.32,14.7
511,86.50%,91.4s,0.06675,0.2168,0.3569,0.39,1.11,34.2
512,73.70%,99.9s,0.09506,0.1569,0.3313,0.27,2.49,32.3
513,78.78%,96.7s,0.01582,0.0800,0.4611,0.20,5.48,34.3
514,84.88%,93.0s,0.01615,0.0950,0.1472,0.35,5.65,31.6
515,80.50%,99.2s,0.00322,0.2198,0.4307,0.21,7.85,40.2
516,81.10%,92.8s,0.00398,0.0664,0.3623,0.34,7.65,39.3
517,80.29%,96.5s,0.07413,0.1596,0.4117,0.31,0.47,9.8
518,83.10%,108.3s,0.09947,0.0549,0.3658,0.36,0.19,40.0
519,80.55%,141.3s,0.01393,0.2738,0.0358,0.23,0.50,14.2
520,74.43%,127.8s,0.00195,0.0978,0.3367,0.47,1.58,38.4
521,86.03%,121.2s,0.03114,0.0543,0.1132,0.42,0.54,29.0
522,84.05%,135.1s,0.03732,0.2726,0.4204,0.33,2.30,45.3
523,81.68%,125.0s,0.01065,0.1828,0.2638,0.48,1.97,47.4
524,83.86%,107.7s,0.00905,0.2534,0.0067,0.35,2.04,11.9
525,87.85%,88.1s,0.05793,0.1248,0.1540,0.47,2.36,18.6
526,84.49%,90.0s,0.01190,0.0879,0.2579,0.33,1.29,22.0
527,71.17%,100.5s,0.06291,0.2342,0.1640,0.23,2.71,42.6
528,84.57%,87.5s,0.01392,0.0670,0.1666,0.44,0.14,13.0
529,74.85%,92.9s,0.00180,0.1061,0.4341,0.44,0.16,21.8
530,75.09%,90.8s,0.00162,0.1834,0.1042,0.45,1.27,39.4
531,82.59%,92.4s,0.00913,0.0614,0.2463,0.23,1.66,9.1
532,84.02%,91.6s,0.01414,0.2392,0.2374,0.32,4.98,45.0
533,80.51%,93.7s,0.02113,0.0710,0.0301,0.25,0.70,28.2
534,84.21%,87.0s,0.00314,0.1408,0.2991,0.46,2.60,7.9
535,79.32%,92.1s,0.00216,0.0984,0.1555,0.41,0.46,27.1
536,82.84%,91.1s,0.00352,0.1263,0.3712,0.42,2.85,19.7
537,86.75%,91.2s,0.05868,0.1870,0.1342,0.41,9.98,29.6
538,84.56%,90.7s,0.01074,0.1795,0.1254,0.43,2.11,19.6
539,79.61%,90.7s,0.00321,0.1184,0.1013,0.47,8.80,29.1
540,85.93%,90.3s,0.01918,0.2643,0.1662,0.44,8.10,36.4
541,77.47%,96.9s,0.00109,0.2850,0.2778,0.22,5.39,28.2
542,81.45%,94.2s,0.03045,0.0624,0.1702,0.27,0.69,40.0
543,84.83%,90.5s,0.02926,0.1288,0.2902,0.36,4.55,42.1
544,80.28%,88.7s,0.00783,0.0680,0.0916,0.47,0.25,27.3
545,83.14%,95.9s,0.00191,0.2718,0.2176,0.26,2.40,8.5
546,82.40%,90.8s,0.00470,0.1801,0.4929,0.45,0.53,12.7
547,83.51%,93.7s,0.00293,0.2546,0.0704,0.34,0.57,9.4
548,80.24%,90.0s,0.00649,0.1957,0.1037,0.49,3.16,38.5
549,76.64%,92.1s,0.00220,0.0686,0.2207,0.29,0.12,38.4
550,85.78%,88.1s,0.02587,0.1351,0.0761,0.49,0.38,30.2
551,86.22%,89.4s,0.03763,0.2891,0.2013,0.38,0.20,27.0
552,83.33%,87.8s,0.00787,0.0662,0.0932,0.44,9.02,23.7
553,82.71%,89.2s,0.00912,0.2536,0.3793,0.46,0.96,25.8
554,79.45%,99.1s,0.00174,0.1620,0.3834,0.29,0.94,41.8
555,77.15%,95.8s,0.06343,0.1844,0.4628,0.27,0.26,35.8
556,77.94%,97.2s,0.00154,0.2298,0.1268,0.35,9.32,44.3
557,86.05%,90.8s,0.02223,0.1438,0.3862,0.43,1.86,32.5
558,77.32%,97.8s,0.00119,0.0898,0.1237,0.22,2.99,39.4
559,78.66%,89.8s,0.00709,0.0955,0.4313,0.47,0.28,34.5
560,78.24%,94.2s,0.00183,0.0606,0.3580,0.33,1.35,46.2
561,86.07%,89.6s,0.01898,0.1761,0.0216,0.38,0.14,12.3
562,81.49%,99.6s,0.00527,0.2774,0.0971,0.25,5.48,13.2
563,81.54%,93.2s,0.00351,0.2653,0.2315,0.34,0.13,13.1
564,87.54%,89.9s,0.04029,0.1230,0.3218,0.44,0.18,18.1
565,84.16%,95.4s,0.07354,0.2393,0.0903,0.36,1.51,43.6
566,84.95%,90.8s,0.01690,0.0940,0.1863,0.42,4.34,35.9
567,82.17%,97.0s,0.06501,0.2147,0.0132,0.33,5.15,37.5
568,81.22%,93.7s,0.00564,0.0709,0.1915,0.35,0.19,24.7
569,82.71%,97.8s,0.01643,0.1205,0.1652,0.26,1.72,48.3
570,85.77%,90.9s,0.01769,0.1061,0.2390,0.41,1.67,30.5
571,76.74%,95.6s,0.09195,0.2690,0.2916,0.30,1.03,44.3
572,79.24%,99.8s,0.00223,0.1814,0.2245,0.26,0.88,41.2
573,77.76%,96.4s,0.02643,0.2159,0.2683,0.22,0.27,48.0
574,81.91%,96.7s,0.02965,0.1278,0.4770,0.28,0.15,18.5
575,84.38%,91.8s,0.09853,0.2407,0.0566,0.39,3.48,45.0
576,83.38%,99.8s,0.04426,0.2308,0.0775,0.32,0.38,21.6
577,87.29%,90.7s,0.03265,0.2390,0.4061,0.43,0.15,13.9
578,82.69%,98.1s,0.01478,0.2767,0.4341,0.28,0.76,6.2
579,87.62%,88.3s,0.08257,0.2550,0.1315,0.46,1.11,38.2
580,86.78%,88.8s,0.02168,0.2044,0.4827,0.48,0.70,9.4
581,80.59%,94.9s,0.00181,0.0709,0.0424,0.32,3.32,34.9
582,71.12%,101.6s,0.06505,0.1809,0.0422,0.23,2.00,47.5
583,78.69%,94.0s,0.00420,0.2270,0.3046,0.43,0.67,45.7
584,78.72%,90.1s,0.00306,0.0853,0.3051,0.40,0.71,40.8
585,73.93%,100.7s,0.08223,0.1817,0.0257,0.26,8.55,13.2
586,79.53%,93.8s,0.00256,0.1041,0.2216,0.29,0.29,48.9
587,83.90%,93.7s,0.07119,0.1428,0.1864,0.35,1.18,6.4
588,84.12%,92.6s,0.03285,0.1744,0.2433,0.32,7.10,7.5
589,81.42%,97.0s,0.00851,0.0889,0.4921,0.25,5.63,46.7
590,79.99%,95.3s,0.02497,0.0669,0.1197,0.24,1.58,40.2
591,86.54%,90.2s,0.05983,0.0977,0.1170,0.41,3.67,15.6
592,81.79%,95.1s,0.00299,0.0890,0.2713,0.32,0.57,25.8
593,83.33%,95.4s,0.08337,0.2597,0.1766,0.35,6.86,36.7
594,84.59%,91.2s,0.01493,0.2001,0.3161,0.39,0.25,37.0
595,76.44%,100.4s,0.00138,0.2642,0.2043,0.29,0.15,38.1
596,82.42%,111.3s,0.00406,0.2588,0.4319,0.28,0.36,22.6
597,76.10%,104.6s,0.00185,0.1946,0.4002,0.39,0.47,44.6
598,81.20%,91.4s,0.00223,0.1768,0.1511,0.47,2.90,24.5
599,80.12%,95.4s,0.01240,0.2195,0.4978,0.22,0.52,13.6
600,83.29%,89.0s,0.01103,0.1195,0.4164,0.48,4.44,30.3
601,86.19%,85.7s,0.02211,0.1438,0.2669,0.44,3.72,26.1
602,79.65%,90.0s,0.00582,0.2734,0.4605,0.50,1.32,33.9
603,80.98%,92.3s,0.00394,0.1631,0.2129,0.36,0.29,38.9
604,76.40%,97.8s,0.04015,0.1058,0.1556,0.23,0.30,29.6
605,86.24%,91.6s,0.04006,0.1612,0.0329,0.40,9.20,46.6
606,80.50%,97.6s,0.04866,0.2592,0.4380,0.29,0.16,23.3
607,78.43%,98.9s,0.04073,0.1764,0.4452,0.25,8.99,17.8
608,85.41%,90.4s,0.00313,0.2022,0.4480,0.44,5.13,6.5
609,79.04%,92.1s,0.00803,0.0853,0.4605,0.43,0.16,49.0
610,85.98%,91.7s,0.04142,0.2464,0.1620,0.41,5.02,34.3
611,74.15%,93.7s,0.00204,0.1006,0.0757,0.43,1.66,47.4
612,84.59%,93.4s,0.06598,0.1315,0.0210,0.36,3.85,37.5
613,79.84%,98.0s,0.00397,0.1067,0.3333,0.20,0.16,17.9
614,81.41%,95.2s,0.00943,0.0682,0.1728,0.26,0.42,41.0
615,84.06%,96.6s,0.00711,0.1644,0.3204,0.38,2.12,13.2
616,87.40%,90.3s,0.06187,0.2051,0.4278,0.44,0.10,34.1
617,82.41%,99.1s,0.00622,0.2287,0.1815,0.24,3.73,43.0
618,83.35%,96.0s,0.00785,0.1444,0.4736,0.32,1.58,19.9
619,84.33%,94.3s,0.05405,0.2420,0.2406,0.36,0.13,34.5
620,81.81%,95.2s,0.06252,0.1029,0.0836,0.31,4.67,14.8
621,63.51%,100.2s,0.08558,0.2535,0.2393,0.21,0.26,21.0
622,81.97%,93.2s,0.00246,0.0657,0.1194,0.32,5.14,23.5
623,83.23%,83.6s,0.00322,0.0599,0.4827,0.45,9.97,18.1
624,84.54%,91.6s,0.01394,0.0610,0.1085,0.34,0.46,38.4
625,82.85%,92.9s,0.00369,0.2526,0.2919,0.40,1.92,7.5
626,82.77%,94.8s,0.00749,0.1510,0.0367,0.38,5.64,35.6
627,70.36%,93.7s,0.00181,0.2534,0.2721,0.49,0.13,27.5
628,65.80%,99.0s,0.07972,0.0627,0.3313,0.21,0.12,49.3
629,83.02%,98.6s,0.00173,0.1844,0.2550,0.27,1.88,15.6
630,79.92%,96.4s,0.08668,0.1266,0.1995,0.31,1.77,16.6
631,83.47%,114.2s,0.01841,0.0683,0.0877,0.50,0.39,38.7
632,84.45%,114.3s,0.01927,0.2087,0.2694,0.32,0.65,7.0
633,81.47%,99.0s,0.00453,0.1927,0.2114,0.45,2.29,29.5
634,80.68%,99.7s,0.00607,0.1855,0.1084,0.25,0.16,39.6
635,85.09%,89.3s,0.08995,0.0679,0.2255,0.39,1.48,18.5
636,75.69%,95.3s,0.00140,0.1322,0.1980,0.35,0.35,45.1
637,79.57%,99.7s,0.01056,0.1746,0.1656,0.21,0.66,21.5
638,84.67%,89.5s,0.02339,0.2342,0.0674,0.50,8.15,47.0
639,83.03%,97.9s,0.03431,0.2301,0.2745,0.29,1.48,21.0
640,83.23%,99.5s,0.01007,0.2610,0.0023,0.29,2.18,8.7
641,81.18%,98.0s,0.00219,0.1291,0.1489,0.33,1.52,31.1
642,86.52%,87.7s,0.03159,0.0977,0.3608,0.40,0.40,33.5
643,86.76%,92.5s,0.05277,0.1518,0.3571,0.40,0.81,20.2
644,75.84%,94.9s,0.00160,0.1875,0.2918,0.46,0.14,19.2
645,79.26%,97.4s,0.00247,0.0640,0.1195,0.23,8.79,42.7
646,82.93%,99.1s,0.00485,0.1248,0.2778,0.24,5.68,18.6
647,81.88%,99.2s,0.01474,0.1351,0.2087,0.26,0.62,39.0
648,81.88%,96.3s,0.09947,0.2848,0.4495,0.35,0.58,34.7
649,87.34%,89.9s,0.03539,0.1248,0.0949,0.46,0.31,32.2
650,80.31%,96.4s,0.03713,0.2730,0.1936,0.27,1.06,25.0
651,82.59%,95.6s,0.00531,0.2580,0.4031,0.38,5.62,22.2
652,77.07%,91.7s,0.00309,0.2532,0.4274,0.49,0.42,35.0
653,73.90%,102.4s,0.00104,0.2117,0.1921,0.24,6.33,48.7
654,82.49%,90.3s,0.00332,0.1868,0.4389,0.44,1.25,17.2
655,67.78%,103.4s,0.08075,0.1722,0.1494,0.23,2.05,28.2
656,86.44%,93.3s,0.06896,0.2840,0.4934,0.40,0.14,7.9
657,82.78%,96.9s,0.00268,0.1355,0.1052,0.35,1.29,21.3
658,79.95%,99.6s,0.00147,0.1087,0.4899,0.21,1.07,19.4
659,82.68%,94.2s,0.00107,0.1001,0.0748,0.39,7.50,17.1
660,87.25%,89.7s,0.05627,0.2079,0.2223,0.40,0.62,29.4
661,80.80%,94.5s,0.00698,0.1585,0.4920,0.43,0.24,37.0
662,81.29%,90.3s,0.00413,0.2590,0.3452,0.46,0.47,15.8
663,82.46%,99.2s,0.00478,0.2467,0.2765,0.30,0.17,25.2
664,82.89%,93.7s,0.00752,0.1086,0.3612,0.31,0.97,42.6
665,82.56%,99.9s,0.00317,0.2738,0.3080,0.27,0.18,19.0
666,81.20%,98.4s,0.00924,0.0920,0.3621,0.22,0.13,13.9
667,67.61%,103.5s,0.06070,0.1593,0.0867,0.20,5.92,6.2
668,87.38%,91.1s,0.03764,0.1686,0.3291,0.44,0.12,14.4
669,81.56%,100.3s,0.00132,0.1510,0.0728,0.25,3.30,20.3
670,81.46%,93.9s,0.00657,0.1145,0.2295,0.41,7.57,45.7
671,83.59%,96.5s,0.00655,0.2504,0.3363,0.30,0.13,21.8
672,70.85%,116.4s,0.04571,0.1838,0.0168,0.20,6.10,49.5
673,75.65%,94.2s,0.00402,0.2887,0.2840,0.44,0.12,43.5
674,81.84%,92.4s,0.00767,0.2878,0.4731,0.44,2.84,45.9
675,81.06%,99.3s,0.01032,0.1908,0.3994,0.24,8.14,19.5
676,83.54%,94.1s,0.00201,0.0660,0.4009,0.29,5.15,5.4
677,84.77%,95.2s,0.01972,0.2921,0.4925,0.37,0.18,39.6
678,83.60%,95.0s,0.00201,0.2831,0.2849,0.31,4.28,8.0
679,77.13%,90.8s,0.00270,0.0586,0.2927,0.43,1.43,40.0
680,81.35%,95.2s,0.00305,0.1413,0.4050,0.22,0.93,23.4
681,73.39%,101.7s,0.03896,0.1641,0.3464,0.21,0.17,36.1
682,81.69%,98.9s,0.00535,0.1574,0.1376,0.32,0.70,29.5
683,86.25%,101.0s,0.01950,0.1081,0.2618,0.42,0.22,20.4
684,80.02%,113.9s,0.01232,0.1811,0.4910,0.22,1.45,29.4
685,67.87%,96.3s,0.00127,0.1403,0.3947,0.36,0.13,45.6
686,83.93%,93.5s,0.00468,0.2050,0.2759,0.40,0.34,6.6
687,78.98%,96.9s,0.00847,0.2400,0.0851,0.20,0.66,39.9
688,79.51%,95.3s,0.00327,0.1628,0.0304,0.39,0.17,27.1
689,76.04%,91.8s,0.00207,0.0887,0.0595,0.37,0.29,44.4
690,79.41%,97.5s,0.00234,0.2657,0.4495,0.36,1.40,42.0
691,83.58%,93.0s,0.01292,0.1767,0.3502,0.31,5.53,11.2
692,80.83%,100.5s,0.00669,0.2908,0.1571,0.38,0.43,42.1
693,82.13%,111.7s,0.00127,0.2190,0.0344,0.34,0.21,10.7
694,81.84%,123.8s,0.00493,0.2383,0.4123,0.27,7.48,45.3
695,78.09%,93.3s,0.00472,0.1919,0.4527,0.47,9.46,43.1
696,81.43%,98.6s,0.00531,0.1466,0.2426,0.30,3.40,49.9
697,82.94%,91.2s,0.09973,0.0656,0.2267,0.36,4.78,34.5
698,80.71%,88.4s,0.00180,0.0548,0.3134,0.38,1.07,25.3
699,81.20%,99.4s,0.00145,0.1283,0.2409,0.21,5.12,19.8
700,78.41%,99.5s,0.04814,0.1713,0.3538,0.27,0.18,19.3
701,81.35%,93.6s,0.04319,0.0523,0.1003,0.30,2.03,48.8
702,83.64%,91.0s,0.00311,0.2576,0.2594,0.45,7.58,5.8
703,83.43%,96.1s,0.01672,0.1029,0.1531,0.30,2.83,14.7
704,85.11%,91.1s,0.01431,0.2026,0.1804,0.46,0.18,9.5
705,82.01%,99.9s,0.00552,0.2501,0.0831,0.25,8.87,33.2
706,78.79%,100.0s,0.03812,0.2464,0.4336,0.25,0.24,11.9
707,81.45%,98.2s,0.00531,0.2984,0.4943,0.31,5.74,9.1
708,85.96%,87.1s,0.09202,0.2612,0.3698,0.43,1.41,45.1
709,81.39%,105.6s,0.00333,0.2690,0.0906,0.22,1.36,11.2
710,85.03%,117.2s,0.04976,0.2242,0.2512,0.34,9.31,15.9
711,79.95%,99.3s,0.00159,0.2743,0.2732,0.28,0.21,21.7
712,79.24%,96.0s,0.01728,0.0753,0.3886,0.22,0.14,25.3
713,80.27%,97.4s,0.05343,0.2060,0.0088,0.30,0.73,21.6
714,75.32%,94.3s,0.00118,0.2707,0.3405,0.43,2.09,39.1
715,83.15%,96.3s,0.02869,0.1414,0.2121,0.30,0.63,7.2
716,86.80%,90.1s,0.05270,0.2776,0.3819,0.41,0.18,25.1
717,86.79%,86.1s,0.03420,0.0837,0.0896,0.48,0.46,23.6
718,72.91%,98.2s,0.03360,0.2707,0.4428,0.20,0.27,31.4
719,68.75%,94.2s,0.00125,0.2480,0.0754,0.47,2.73,48.1
720,85.80%,89.2s,0.06032,0.1891,0.2438,0.38,4.49,31.0
721,82.20%,97.5s,0.02318,0.2446,0.1209,0.27,0.19,17.4
722,82.51%,88.1s,0.00974,0.1559,0.1562,0.48,3.48,9.9
723,78.23%,93.5s,0.00416,0.1703,0.2304,0.41,0.24,41.6
724,83.19%,92.0s,0.00356,0.0954,0.2717,0.37,9.38,23.2
725,86.33%,87.1s,0.02665,0.0642,0.1604,0.42,0.73,45.6
726,84.25%,90.6s,0.01785,0.1959,0.1106,0.45,0.59,46.8
727,86.40%,87.7s,0.01724,0.2499,0.0008,0.43,1.33,21.7
728,84.61%,91.5s,0.00292,0.2367,0.3403,0.41,5.78,15.3
729,86.46%,92.2s,0.02336,0.1937,0.3765,0.38,4.05,17.9
730,73.87%,99.8s,0.06841,0.1844,0.2152,0.25,3.22,32.2
731,81.60%,90.9s,0.00119,0.2979,0.1497,0.46,7.65,19.8
732,77.01%,99.4s,0.00129,0.1901,0.4217,0.23,0.75,39.9
733,80.07%,97.1s,0.00250,0.1076,0.0402,0.24,1.75,42.8
734,80.28%,99.2s,0.00349,0.2841,0.2422,0.21,1.65,29.8
735,79.85%,91.2s,0.00748,0.0944,0.1288,0.43,0.12,25.4
736,84.87%,91.1s,0.03511,0.0719,0.4612,0.33,5.99,12.3
737,80.41%,92.3s,0.00123,0.1763,0.1518,0.44,1.94,22.9
738,77.23%,98.0s,0.09377,0.2571,0.3902,0.30,6.84,16.6
739,86.03%,89.3s,0.02970,0.1802,0.4249,0.46,0.21,39.8
740,81.36%,91.9s,0.00693,0.0500,0.2464,0.31,0.21,42.2
741,83.80%,90.6s,0.09502,0.1122,0.1352,0.37,4.31,37.3
742,82.41%,97.0s,0.00204,0.2111,0.2151,0.30,0.66,17.8
743,82.14%,94.4s,0.07538,0.1519,0.3871,0.34,6.12,45.8
744,77.36%,99.5s,0.00160,0.2485,0.1305,0.25,0.58,44.2
745,76.61%,92.3s,0.00317,0.2853,0.4209,0.48,6.31,43.2
746,80.43%,95.5s,0.00459,0.2734,0.2430,0.37,0.25,40.2
747,82.61%,95.5s,0.00572,0.2643,0.2196,0.34,2.83,24.6
748,83.86%,96.5s,0.00768,0.2419,0.0335,0.32,0.23,19.0
749,78.97%,99.4s,0.00185,0.2657,0.1744,0.23,0.95,33.3
750,86.75%,85.9s,0.09535,0.0638,0.0117,0.42,0.53,6.3
751,84.41%,92.0s,0.00898,0.2848,0.1357,0.40,0.89,12.5
752,88.95%,84.4s,0.07201,0.0897,0.1621,0.49,0.19,16.9
753,83.51%,95.5s,0.05140,0.2397,0.2352,0.33,5.31,26.1
754,81.62%,97.9s,0.02420,0.2208,0.3976,0.28,1.31,29.0
755,76.16%,95.7s,0.00115,0.0597,0.4576,0.23,1.99,41.2
756,81.22%,92.1s,0.00678,0.2163,0.4638,0.45,1.39,37.6
757,84.96%,99.1s,0.00888,0.2149,0.1594,0.31,0.77,24.7
758,79.74%,99.7s,0.00150,0.1977,0.4589,0.28,1.31,38.1
759,79.53%,92.8s,0.00334,0.2033,0.1394,0.47,2.05,34.0
760,82.38%,97.2s,0.00258,0.1452,0.2570,0.34,0.64,27.6
761,82.82%,92.9s,0.06066,0.0602,0.3052,0.32,0.75,32.5
762,87.34%,109.5s,0.08774,0.1845,0.2642,0.46,7.78,29.1
763,86.72%,87.7s,0.03836,0.1579,0.1130,0.48,0.22,48.4
764,84.16%,89.9s,0.01223,0.2812,0.4731,0.44,0.22,18.2
765,87.87%,86.7s,0.04413,0.1543,0.2863,0.42,0.12,27.4
766,81.00%,97.5s,0.00346,0.2345,0.2105,0.29,1.10,48.1
767,83.08%,94.3s,0.00143,0.2785,0.4728,0.35,5.47,20.0
768,77.99%,97.4s,0.04135,0.1174,0.2908,0.24,0.46,11.6
769,77.74%,97.1s,0.00116,0.1104,0.2482,0.30,0.82,35.9
770,83.39%,97.1s,0.00245,0.1777,0.0777,0.28,1.91,14.6
771,86.47%,89.1s,0.03489,0.1684,0.1895,0.45,7.79,42.6
772,86.47%,91.8s,0.02438,0.2713,0.0156,0.41,3.11,26.9
773,77.91%,89.5s,0.00301,0.2198,0.2053,0.46,1.40,40.8
774,86.37%,93.1s,0.03081,0.1988,0.1369,0.38,1.02,11.7
775,75.63%,93.6s,0.00122,0.0888,0.2059,0.42,0.66,29.3
776,86.16%,87.9s,0.07354,0.1291,0.3339,0.41,0.99,28.5
777,86.96%,89.1s,0.09699,0.1735,0.4380,0.44,0.95,31.8
778,81.24%,94.2s,0.00618,0.1930,0.4606,0.31,0.42,49.1
779,82.44%,94.4s,0.00560,0.2578,0.0374,0.38,1.14,31.7
780,85.22%,91.4s,0.01695,0.2357,0.4135,0.35,0.47,26.0
781,88.42%,86.8s,0.08228,0.2896,0.1309,0.48,0.11,7.2
782,81.78%,93.6s,0.00234,0.1566,0.3643,0.31,0.89,34.5
783,71.34%,94.5s,0.00131,0.2696,0.3001,0.44,0.35,44.1
784,73.71%,97.7s,0.04490,0.2057,0.4165,0.22,2.55,6.4
785,81.92%,96.3s,0.00732,0.1052,0.1854,0.30,0.32,49.3
786,82.41%,93.7s,0.00301,0.2097,0.0180,0.31,0.23,23.1
787,79.93%,99.6s,0.00151,0.2343,0.2125,0.23,0.31,22.9
788,78.27%,95.9s,0.00190,0.1637,0.1511,0.37,5.59,41.3
789,75.22%,97.7s,0.04926,0.1956,0.3862,0.24,9.35,32.8
790,81.89%,88.7s,0.00649,0.2170,0.2055,0.50,0.81,13.7
791,82.45%,95.7s,0.00154,0.2097,0.0879,0.27,0.93,14.0
792,84.28%,99.0s,0.00266,0.1653,0.4424,0.41,5.96,17.2
793,73.06%,88.0s,0.00332,0.0513,0.3471,0.45,0.31,46.7
794,87.96%,87.6s,0.04135,0.2612,0.2333,0.49,0.41,19.0
795,77.85%,87.6s,0.00807,0.1007,0.4501,0.48,0.25,43.6
796,70.75%,100.8s,0.08007,0.1739,0.3425,0.24,0.58,32.6
797,82.04%,95.8s,0.01064,0.2171,0.2767,0.26,0.21,45.7
798,82.35%,95.6s,0.01062,0.0857,0.2056,0.26,0.16,32.6
799,82.59%,90.0s,0.02819,0.0621,0.3304,0.28,1.06,32.1
800,80.40%,90.4s,0.00212,0.2793,0.0172,0.49,2.03,24.0
801,80.78%,91.6s,0.08608,0.0543,0.1561,0.32,0.26,16.6
802,88.28%,85.9s,0.08207,0.1042,0.3379,0.49,0.73,47.2
803,81.84%,94.3s,0.00215,0.2295,0.4096,0.38,3.58,26.5
804,85.11%,107.6s,0.03533,0.1821,0.1472,0.35,0.17,39.8
805,82.08%,97.2s,0.00719,0.1086,0.4054,0.24,5.87,6.6
806,86.88%,86.5s,0.04984,0.0744,0.2785,0.44,0.48,32.2
807,80.69%,97.1s,0.00455,0.2314,0.3831,0.26,0.18,42.6
808,81.86%,96.1s,0.05984,0.1675,0.0778,0.31,2.35,47.5
809,77.76%,98.4s,0.08759,0.1748,0.3466,0.30,0.12,41.0
810,82.10%,94.4s,0.07680,0.1022,0.0600,0.32,0.18,46.8
811,85.55%,92.8s,0.05359,0.1822,0.4590,0.37,0.52,20.6
812,67.97%,98.4s,0.09405,0.0787,0.3779,0.24,3.35,33.3
813,76.32%,99.7s,0.00105,0.2841,0.4238,0.29,0.22,39.4
814,73.73%,95.4s,0.00146,0.1525,0.1080,0.42,0.16,25.9
815,83.40%,102.4s,0.00335,0.2514,0.1431,0.33,5.72,20.6
816,84.47%,92.4s,0.00979,0.0529,0.2710,0.29,0.82,16.0
817,78.14%,93.3s,0.00272,0.2985,0.4649,0.44,1.42,42.0
818,81.25%,92.8s,0.00384,0.1392,0.0964,0.40,0.44,23.7
819,82.85%,93.4s,0.00257,0.1278,0.2829,0.37,1.97,22.9
820,76.19%,99.4s,0.00169,0.1523,0.1915,0.27,0.15,47.0
821,77.80%,91.5s,0.00349,0.2734,0.2285,0.48,0.39,33.4
822,84.39%,94.8s,0.03555,0.2868,0.4855,0.33,0.49,10.9
823,82.83%,96.2s,0.03527,0.1476,0.0432,0.30,0.65,46.6
824,82.34%,95.4s,0.04384,0.1136,0.4937,0.30,6.93,36.0
825,81.00%,98.1s,0.00112,0.1350,0.4791,0.24,1.07,12.9
826,79.09%,95.5s,0.00300,0.2638,0.1711,0.38,0.45,36.0
827,65.70%,93.1s,0.00218,0.1269,0.4701,0.50,0.22,37.7
828,84.80%,90.8s,0.00804,0.1216,0.4880,0.41,0.51,11.3
829,86.61%,89.9s,0.02114,0.2136,0.2014,0.45,3.40,9.4
830,75.59%,99.1s,0.00155,0.1125,0.0527,0.24,0.25,48.4
831,87.00%,87.6s,0.08157,0.1575,0.1494,0.44,7.40,43.6
832,79.17%,99.3s,0.01337,0.2697,0.4172,0.23,0.21,44.5
833,80.35%,95.3s,0.01570,0.1850,0.0664,0.22,3.81,22.9
834,64.02%,90.1s,0.00109,0.0539,0.3240,0.50,0.68,34.8
835,85.19%,90.2s,0.06492,0.2879,0.3729,0.37,4.03,21.1
836,77.26%,99.1s,0.00119,0.0631,0.4690,0.26,0.35,38.5
837,74.45%,91.9s,0.00330,0.1511,0.4643,0.49,3.26,46.6
838,83.07%,96.4s,0.01724,0.1710,0.1679,0.30,0.14,28.3
839,80.96%,92.7s,0.00254,0.2682,0.1620,0.43,1.65,26.0
840,72.51%,100.8s,0.04276,0.2157,0.1908,0.22,3.45,29.1
841,85.43%,91.9s,0.01856,0.1008,0.4573,0.38,3.17,41.6
842,81.60%,92.8s,0.00386,0.0876,0.4651,0.36,5.74,26.9
843,81.89%,94.1s,0.01459,0.1556,0.1471,0.25,1.16,44.1
844,82.49%,89.3s,0.00443,0.1711,0.0079,0.46,1.25,11.2
845,81.29%,95.4s,0.00360,0.2568,0.3765,0.24,1.85,39.9
846,76.76%,92.0s,0.00362,0.2572,0.1368,0.48,7.35,41.4
847,79.88%,87.9s,0.00601,0.2955,0.1804,0.47,8.84,37.8
848,83.71%,91.0s,0.00292,0.1528,0.4076,0.41,0.52,5.3
849,85.10%,91.4s,0.02032,0.2319,0.4891,0.35,9.21,17.6
850,80.84%,97.1s,0.00301,0.1958,0.3403,0.30,6.72,41.1
851,87.88%,87.6s,0.04772,0.1941,0.3793,0.47,0.61,21.7
852,83.37%,90.4s,0.00434,0.2443,0.0513,0.44,2.12,16.6
853,84.72%,93.4s,0.01989,0.1259,0.3176,0.34,0.39,15.3
854,85.34%,93.6s,0.01784,0.2429,0.0728,0.35,0.63,9.6
855,80.64%,93.7s,0.00542,0.1331,0.4339,0.27,2.44,47.2
856,83.83%,96.0s,0.01492,0.2077,0.2092,0.30,0.28,26.0
857,81.29%,93.4s,0.00906,0.1212,0.4857,0.23,0.44,48.6
858,84.96%,93.5s,0.02040,0.1606,0.4258,0.36,0.12,34.8
859,84.05%,88.9s,0.01463,0.2349,0.0421,0.42,1.32,30.3
860,75.29%,99.1s,0.03656,0.1659,0.0223,0.22,0.33,14.1
861,87.37%,82.9s,0.03903,0.0699,0.3700,0.48,0.30,15.9
862,80.06%,93.7s,0.00478,0.0517,0.2646,0.25,0.30,30.1
863,81.85%,93.8s,0.09619,0.1935,0.0877,0.35,7.12,41.3
864,83.27%,94.0s,0.00320,0.1903,0.2729,0.25,3.80,22.6
865,83.29%,89.5s,0.00586,0.1900,0.1061,0.45,2.83,9.4
866,77.44%,90.8s,0.03147,0.0594,0.3207,0.24,1.38,36.4
867,84.34%,99.5s,0.01506,0.2483,0.4605,0.43,0.62,20.5
868,63.65%,88.2s,0.00205,0.0608,0.1901,0.48,0.21,43.3
869,86.86%,89.7s,0.06239,0.1099,0.1855,0.42,0.17,25.2
870,87.56%,85.3s,0.03105,0.1557,0.1744,0.49,5.12,26.4
871,83.15%,91.2s,0.00405,0.0774,0.3373,0.38,2.79,25.9
872,81.42%,91.7s,0.00311,0.2954,0.3071,0.39,1.67,33.5
873,80.88%,98.9s,0.00224,0.2291,0.3627,0.26,0.62,34.2
874,83.77%,96.2s,0.00967,0.1706,0.0879,0.32,2.68,42.2
875,84.60%,89.7s,0.00787,0.1193,0.1199,0.44,0.99,8.6
876,79.12%,91.6s,0.00205,0.1833,0.1146,0.48,3.24,26.7
877,79.20%,96.9s,0.00107,0.2252,0.2632,0.35,0.57,30.8
878,86.91%,88.8s,0.02773,0.1517,0.3477,0.39,0.40,21.3
879,87.66%,87.9s,0.05507,0.2967,0.4521,0.48,0.58,44.0
880,77.60%,98.0s,0.07773,0.1314,0.2909,0.29,0.59,11.7
881,88.14%,86.8s,0.07876,0.2871,0.0485,0.50,2.37,32.0
882,82.26%,91.0s,0.00833,0.1447,0.2471,0.46,2.40,33.1
883,79.87%,90.9s,0.00573,0.2586,0.0296,0.46,4.53,39.3
884,87.06%,88.7s,0.08000,0.1451,0.2570,0.45,8.29,28.0
885,81.77%,99.5s,0.00294,0.2558,0.2536,0.25,0.60,8.2
886,78.15%,93.9s,0.00487,0.2481,0.3228,0.43,0.17,44.2
887,84.54%,92.3s,0.05629,0.2120,0.3042,0.36,0.30,5.2
888,76.64%,100.4s,0.04170,0.1966,0.4765,0.24,6.43,13.0
889,82.28%,94.2s,0.00722,0.2190,0.2917,0.40,3.54,48.6
890,83.82%,93.9s,0.00354,0.2032,0.4587,0.29,0.11,5.0
891,81.24%,97.6s,0.00384,0.1063,0.0699,0.23,1.26,18.7
892,80.29%,93.7s,0.00165,0.1176,0.0930,0.28,5.01,31.2
893,80.27%,97.8s,0.05415,0.1776,0.3541,0.29,0.19,32.9
894,73.48%,90.8s,0.00215,0.0882,0.2991,0.49,0.77,30.5
895,77.61%,95.1s,0.00170,0.2731,0.3880,0.41,0.27,28.5
896,76.73%,99.0s,0.08878,0.2475,0.3756,0.29,0.61,5.1
897,81.57%,92.0s,0.00251,0.1020,0.4949,0.42,7.51,27.4
898,83.49%,95.9s,0.00523,0.0865,0.3068,0.26,1.90,33.5
899,80.73%,95.0s,0.00387,0.0538,0.2490,0.22,5.39,34.0
900,76.12%,93.2s,0.00581,0.2877,0.0255,0.46,0.13,43.7
901,80.20%,98.6s,0.05048,0.2287,0.2955,0.29,0.96,46.2
902,84.50%,90.5s,0.00774,0.0627,0.4442,0.36,5.48,6.2
903,82.75%,97.8s,0.01951,0.2119,0.3006,0.28,0.70,44.5
904,83.50%,89.8s,0.08252,0.0569,0.4291,0.36,0.18,9.1
905,70.03%,92.6s,0.00396,0.0999,0.1170,0.45,0.11,47.6
906,78.63%,97.8s,0.02327,0.1063,0.3992,0.22,8.18,47.8
907,81.02%,90.0s,0.00397,0.2108,0.3925,0.50,6.44,22.2
908,83.69%,90.9s,0.01598,0.1546,0.3191,0.45,0.12,23.3
909,80.70%,95.1s,0.00293,0.0999,0.2163,0.35,1.24,42.3
910,80.47%,100.2s,0.00191,0.1312,0.2638,0.38,8.82,34.0
911,66.99%,102.4s,0.06016,0.2180,0.1820,0.20,0.32,31.0
912,75.22%,100.6s,0.03903,0.2675,0.2457,0.23,2.38,47.0
913,82.77%,98.7s,0.00551,0.2392,0.1282,0.25,7.53,15.3
914,81.85%,94.2s,0.00621,0.1577,0.1606,0.38,2.20,34.0
915,82.01%,97.1s,0.00461,0.1767,0.2787,0.31,1.63,31.9
916,85.06%,93.0s,0.06826,0.2264,0.0756,0.37,0.19,36.3
917,79.24%,95.8s,0.00219,0.1681,0.4867,0.37,0.37,36.6
918,87.67%,88.9s,0.03658,0.1950,0.0638,0.45,3.45,20.6
919,82.80%,97.8s,0.00318,0.1999,0.0478,0.43,2.07,21.4
920,76.70%,101.6s,0.00208,0.1529,0.2929,0.26,0.11,49.0
921,81.16%,96.3s,0.00335,0.1495,0.2005,0.33,8.56,40.3
922,76.85%,92.9s,0.00359,0.2292,0.3749,0.46,0.31,37.9
923,81.30%,98.3s,0.01382,0.1508,0.0560,0.24,6.84,14.8
924,84.40%,96.1s,0.00917,0.1359,0.3471,0.30,4.04,25.4
925,78.45%,117.3s,0.03054,0.2151,0.2566,0.25,5.83,37.4
926,70.23%,132.1s,0.05490,0.2962,0.4702,0.22,0.27,31.7
927,73.57%,98.9s,0.04179,0.1197,0.1125,0.22,0.25,48.0
928,80.67%,101.9s,0.00100,0.2298,0.0675,0.33,3.93,26.1
929,74.42%,97.3s,0.09714,0.0929,0.1147,0.28,0.21,24.1
930,85.73%,92.1s,0.02240,0.1154,0.4071,0.38,0.42,48.7
931,81.72%,94.8s,0.00791,0.2755,0.0829,0.37,0.11,37.9
932,83.75%,85.2s,0.00206,0.0899,0.3500,0.47,0.24,7.8
933,78.56%,107.9s,0.02820,0.2996,0.4803,0.24,1.48,29.6
934,77.59%,96.8s,0.00334,0.1072,0.1386,0.34,0.14,44.3
935,88.46%,87.4s,0.09277,0.2730,0.0054,0.48,8.83,31.8
936,62.29%,103.1s,0.09251,0.2925,0.1249,0.21,3.91,14.5
937,84.46%,92.7s,0.01354,0.1898,0.2765,0.41,0.17,15.9
938,82.18%,113.3s,0.00895,0.1281,0.3391,0.29,6.23,28.0
939,86.75%,119.7s,0.08544,0.0724,0.2148,0.43,2.32,15.7
940,82.07%,128.8s,0.00404,0.2765,0.3844,0.41,0.95,22.2
941,81.82%,134.6s,0.00231,0.1559,0.2290,0.34,0.94,29.6
942,73.63%,142.1s,0.06666,0.2402,0.3188,0.25,0.22,46.9
943,80.01%,128.7s,0.00339,0.2320,0.0516,0.44,1.15,36.3
944,81.94%,141.1s,0.00286,0.2575,0.4913,0.23,0.14,12.2
945,77.84%,140.9s,0.03053,0.1892,0.1815,0.23,0.60,7.0
946,80.58%,140.5s,0.00444,0.2060,0.2511,0.24,0.43,10.2
947,86.28%,126.4s,0.08027,0.1773,0.4133,0.40,0.16,9.2
948,83.64%,129.4s,0.06011,0.0740,0.0378,0.34,0.11,16.1
949,80.56%,126.8s,0.00422,0.2003,0.3786,0.44,0.32,18.8
950,80.04%,127.6s,0.00123,0.2051,0.3037,0.46,0.13,14.9
951,78.89%,138.8s,0.02490,0.1077,0.3724,0.23,9.23,28.9
952,85.36%,106.1s,0.08455,0.1539,0.2697,0.39,0.13,22.8
953,86.12%,89.9s,0.09327,0.1367,0.4859,0.41,7.33,22.2
954,80.93%,97.1s,0.04766,0.1728,0.0502,0.29,6.11,5.2
955,80.10%,95.5s,0.01176,0.0679,0.1679,0.22,3.65,26.4
956,85.17%,87.5s,0.01557,0.2139,0.4608,0.49,2.42,16.1
957,83.04%,95.6s,0.02812,0.1513,0.3005,0.29,1.18,18.2
958,83.36%,95.1s,0.00136,0.2874,0.4214,0.37,1.68,13.5
959,83.15%,97.6s,0.00561,0.2412,0.4610,0.30,3.44,23.1
960,86.99%,88.8s,0.03909,0.1516,0.2538,0.45,0.46,8.5
961,86.02%,90.4s,0.01958,0.2865,0.0411,0.44,9.22,11.0
962,78.38%,99.7s,0.00138,0.2463,0.3214,0.24,2.21,34.1
963,79.51%,91.5s,0.00756,0.2241,0.4299,0.46,0.52,48.6
964,83.04%,87.7s,0.01522,0.0698,0.3656,0.44,0.31,44.3
965,80.51%,85.2s,0.00441,0.0539,0.2111,0.50,0.37,10.9
966,85.94%,92.2s,0.03676,0.2578,0.3469,0.38,0.25,20.9
967,82.06%,96.9s,0.02229,0.2624,0.1309,0.28,4.50,7.7
968,83.10%,91.3s,0.00916,0.0669,0.1174,0.35,0.42,49.8
969,87.04%,88.9s,0.08532,0.2900,0.3630,0.44,5.83,9.7
970,85.91%,89.4s,0.02492,0.1962,0.1288,0.45,0.16,47.1
971,76.82%,92.1s,0.00191,0.1748,0.3657,0.45,0.14,20.1
972,82.38%,89.8s,0.00614,0.1215,0.0456,0.44,0.18,13.7
973,84.14%,94.5s,0.00244,0.2005,0.4617,0.35,1.27,11.0
974,81.00%,90.8s,0.01006,0.2326,0.4827,0.47,0.11,27.0
975,82.47%,97.2s,0.00327,0.1302,0.3550,0.25,0.38,6.6
976,85.99%,91.7s,0.03804,0.1868,0.4820,0.39,0.33,16.1
977,79.08%,94.1s,0.00609,0.1487,0.4416,0.42,0.12,30.3
978,81.89%,90.4s,0.01958,0.0659,0.2184,0.25,0.14,39.1
979,80.20%,99.1s,0.00142,0.2922,0.2334,0.27,1.55,26.2
980,79.68%,93.7s,0.08045,0.2546,0.0907,0.31,0.31,18.9
981,79.96%,94.4s,0.00280,0.1724,0.4082,0.39,0.88,35.4
982,87.18%,87.2s,0.03434,0.2702,0.3751,0.45,5.39,19.2
983,83.86%,89.7s,0.00984,0.1265,0.0874,0.45,0.11,11.2
984,84.46%,92.9s,0.00910,0.1749,0.4051,0.31,3.13,17.7
985,82.19%,98.1s,0.00387,0.2885,0.0209,0.30,4.13,42.5
986,86.06%,104.0s,0.01899,0.2086,0.3530,0.44,0.57,26.5
987,70.66%,97.1s,0.00125,0.1860,0.3205,0.49,1.78,40.2
988,84.45%,97.3s,0.00138,0.1116,0.4496,0.36,4.05,12.4
989,79.34%,138.3s,0.00226,0.2428,0.3327,0.32,1.68,41.5
990,81.57%,140.4s,0.00239,0.2404,0.0779,0.26,0.53,28.7
991,87.38%,103.5s,0.03947,0.2610,0.2000,0.47,0.27,20.9
992,82.26%,98.3s,0.00196,0.2031,0.4742,0.29,8.81,24.9
993,82.31%,99.2s,0.00390,0.2465,0.1863,0.25,9.76,11.6
994,85.47%,93.6s,0.02404,0.1595,0.3410,0.38,1.50,46.5
995,83.95%,93.8s,0.04968,0.0925,0.4547,0.33,5.74,47.2
996,87.15%,88.8s,0.03202,0.2265,0.3380,0.48,2.45,12.2
997,71.46%,96.2s,0.00134,0.0531,0.1087,0.29,0.11,40.0
998,85.20%,90.8s,0.01891,0.0766,0.4264,0.38,1.15,27.1
999,79.45%,93.8s,0.00558,0.1991,0.3174,0.43,2.80,45.9
1000,84.90%,89.8s,0.00227,0.2513,0.3033,0.48,5.69,6.6
1001,85.13%,90.7s,0.02500,0.1250,0.2000,0.35,0.50,10.0
1002,79.70%,97.4s,0.02162,0.2985,0.2423,0.24,0.86,6.7
1003,86.03%,89.9s,0.06090,0.1155,0.4413,0.39,0.14,6.6
1004,86.35%,86.8s,0.02873,0.2942,0.1702,0.43,8.28,30.3
1005,74.05%,93.3s,0.00152,0.2946,0.3728,0.46,8.44,42.2
1006,80.35%,95.1s,0.00220,0.1459,0.0920,0.37,0.14,18.3
1007,82.29%,91.2s,0.00152,0.0570,0.3374,0.27,1.36,20.7
1008,84.60%,92.4s,0.02119,0.0679,0.2146,0.33,1.29,34.3
1009,82.91%,92.2s,0.00588,0.1453,0.4081,0.39,3.68,8.6
1010,79.80%,94.5s,0.00136,0.1017,0.4710,0.27,4.15,25.5
1011,88.40%,85.9s,0.09177,0.2983,0.2128,0.49,0.20,7.9
1012,86.41%,91.0s,0.04177,0.1729,0.0085,0.39,0.75,48.4
1013,81.82%,90.1s,0.00276,0.2592,0.0195,0.47,0.79,18.0
1014,59.85%,94.9s,0.00132,0.1464,0.0812,0.48,0.22,45.3